<Entry category="Substantiv"><Stichwort> a</Stichwort><Einheit>3</Einheit><Anteil>2</Anteil><Genus>der</Genus><Pluralform>a</Pluralform><GenitivSingular>a</GenitivSingular><zusammengesetzteWörter><KompositaCollection><K_>请在此输入第1个合成词</K_></KompositaCollection><abgeleiteteWörter><hierzu category="Substantiv">请在此输入第1个派生词</hierzu></abgeleiteteWörter></zusammengesetzteWörter><Synonymegruppe><Sym>请在此输入第1个同义词</Sym></Synonymegruppe><Antonymegruppe><Anm>请在此输入第1个同义词</Anm></Antonymegruppe><Kollokationen><K>请在此输入第1个短语</K></Kollokationen><AllgemeineErläuterungen><Eintrag><Chinesisch>请在此输入词条的第1条汉语意思</Chinesisch><BeispielSammlung><Beispiel><Satz>请在此输入第1条例句</Satz><Übersetzung>请在此输入第1条例句的汉语翻译</Übersetzung></Beispiel></BeispielSammlung></Eintrag></AllgemeineErläuterungen></Entry>