<Entry category="Substantiv"><Stichwort>Abend</Stichwort><Einheit>1</Einheit><Anteil>4</Anteil><Genus>der</Genus><Pluralform>Abende</Pluralform><GenitivSingular> Abends</GenitivSingular><zusammengesetzteWörter><KompositaCollection><K_>MontagAbend</K_><K_>SommerAbend</K_><K_>Abendessen</K_><K_>Festabend</K_><K_>请在此输入第5个合成词</K_></KompositaCollection><abgeleiteteWörter><hierzu category="Substantiv">请在此输入第1个派生词</hierzu></abgeleiteteWörter></zusammengesetzteWörter><Synonymegruppe><Sym>请在此输入第1个同义词</Sym></Synonymegruppe><Antonymegruppe><Anm>请在此输入第1个同义词</Anm></Antonymegruppe><Kollokationen><K>am Abend</K><K>zu Abend essen</K><K>vom Morgen bis zum Abend</K><K>请在此输入第4个短语</K></Kollokationen><AllgemeineErläuterungen><Eintrag><Chinesisch>晚上</Chinesisch><BeispielSammlung><Beispiel><Satz>Ich wünsche dir guten Abend!</Satz><Übersetzung>晚上好！</Übersetzung></Beispiel><Beispiel><Satz>Wo treffen wir heute Abend?</Satz><Übersetzung>今天晚上我们在哪碰面？</Übersetzung></Beispiel><Beispiel><Satz>请在此输入第3条例句</Satz><Übersetzung>请在此输入第3条例句的汉语翻译</Übersetzung></Beispiel></BeispielSammlung></Eintrag><Eintrag><Chinesisch>请在此输入词条的第2条汉语意思</Chinesisch><BeispielSammlung></BeispielSammlung></Eintrag></AllgemeineErläuterungen></Entry>