<Entry category="Substantiv"><Stichwort>Abteilung</Stichwort><Einheit>8</Einheit><Anteil>1</Anteil><Genus>die</Genus><Pluralform>Abteilungen</Pluralform><GenitivSingular>Abteilung</GenitivSingular><zusammengesetzteWörter><KompositaCollection><K_>Abteilungschef</K_><K_>Abteilungsleiter</K_><K_>PersonalAbteilung</K_><K_>请在此输入第4个合成词</K_></KompositaCollection><abgeleiteteWörter><hierzu category="Substantiv">请在此输入第1个派生词</hierzu></abgeleiteteWörter></zusammengesetzteWörter><Synonymegruppe><Sym>Gruppe</Sym><Sym>Sektion</Sym><Sym>请在此输入第3个同义词</Sym></Synonymegruppe><Antonymegruppe><Anm>Gruppe</Anm><Anm>Sektion</Anm><Anm>请在此输入第3个同义词</Anm></Antonymegruppe><Kollokationen><K>Die Abteilung für Physik in der Universität</K><K>eine Abteilung gründen</K><K>请在此输入第3个短语</K></Kollokationen><AllgemeineErläuterungen><Eintrag><Chinesisch>部门</Chinesisch><BeispielSammlung><Beispiel><Satz>Arbeiten Sie auch in der Abteilung für Marketing?</Satz><Übersetzung>您也在市场部门工作吗？</Übersetzung></Beispiel><Beispiel><Satz>Dr. Schulz ist die Leiterin der Abteilung für Entwicklung.</Satz><Übersetzung>舒尔茨博士是发展部的领导。</Übersetzung></Beispiel><Beispiel><Satz>请在此输入第3条例句</Satz><Übersetzung>请在此输入第3条例句的汉语翻译</Übersetzung></Beispiel></BeispielSammlung></Eintrag><Eintrag><Chinesisch>请在此输入词条的第2条汉语意思</Chinesisch><BeispielSammlung></BeispielSammlung></Eintrag></AllgemeineErläuterungen></Entry>