<Entry category="Substantiv"><Stichwort>Alkohol</Stichwort><Einheit>4</Einheit><Anteil>1</Anteil><Genus>der</Genus><Pluralform>Alkohole</Pluralform><GenitivSingular>Alkohols</GenitivSingular><zusammengesetzteWörter><KompositaCollection><K_>Alkoholtest</K_><K_>请在此输入第2个合成词</K_></KompositaCollection><abgeleiteteWörter><hierzu category="Adjektiv">alkoholisch</hierzu><hierzu category="Adjektiv">alkoholfrei</hierzu><hierzu category="Substantiv">Alkoholiker</hierzu><hierzu category="Adjektiv">请在此输入第4个派生词</hierzu></abgeleiteteWörter></zusammengesetzteWörter><Synonymegruppe><Sym>alkoholische Getränke</Sym><Sym>请在此输入第2个同义词</Sym></Synonymegruppe><Antonymegruppe><Anm>alkoholische Getränke</Anm><Anm>请在此输入第2个同义词</Anm></Antonymegruppe><Kollokationen><K>Alkohol trinken</K><K>请在此输入第2个短语</K></Kollokationen><AllgemeineErläuterungen><Eintrag><Chinesisch>酒精饮料</Chinesisch><BeispielSammlung><Beispiel><Satz>Sie trinkt auch keinen Alkohol.</Satz><Übersetzung>她也不喝酒。</Übersetzung></Beispiel><Beispiel><Satz>请在此输入第2条例句</Satz><Übersetzung>请在此输入第2条例句的汉语翻译</Übersetzung></Beispiel></BeispielSammlung></Eintrag><Eintrag><Chinesisch>酒精</Chinesisch><BeispielSammlung><Beispiel><Satz>Das Beer hat 5% Alkohol.</Satz><Übersetzung>这种啤酒含5%的酒精。</Übersetzung></Beispiel><Beispiel><Satz>Er leidet under den Folgen des Alkohols.</Satz><Übersetzung>他受着酒精的折磨。</Übersetzung></Beispiel></BeispielSammlung></Eintrag><Eintrag><Chinesisch>请在此输入词条的第3条汉语意思</Chinesisch><BeispielSammlung></BeispielSammlung></Eintrag></AllgemeineErläuterungen></Entry>