<Entry category="Substantiv"><Stichwort>Lehrer</Stichwort><Einheit>1</Einheit><Anteil>1</Anteil><Genus>der</Genus><Pluralform>Lehrer</Pluralform><GenitivSingular>Lehrers</GenitivSingular><zusammengesetzteWörter><KompositaCollection><K_>Chemielehrer</K_><K_>Deutschlehrer</K_><K_>Englischlehrer</K_><K_>Sportlehrer</K_><K_>Lehrerberuf</K_><K_>请在此输入第6个合成词</K_></KompositaCollection><abgeleiteteWörter><hierzu category="Substantiv">Lehrerin</hierzu><hierzu category="Substantiv">请在此输入第2个派生词</hierzu></abgeleiteteWörter></zusammengesetzteWörter><Synonymegruppe><Sym>请在此输入第1个同义词</Sym></Synonymegruppe><Antonymegruppe><Anm>请在此输入第1个同义词</Anm></Antonymegruppe><Kollokationen><K>请在此输入第1个短语</K></Kollokationen><AllgemeineErläuterungen><Eintrag><Chinesisch>教师</Chinesisch><BeispielSammlung><Beispiel><Satz>Er ist Lehrer.</Satz><Übersetzung>他是一位老师。</Übersetzung></Beispiel><Beispiel><Satz>请在此输入第2条例句</Satz><Übersetzung>请在此输入第2条例句的汉语翻译</Übersetzung></Beispiel></BeispielSammlung></Eintrag><Eintrag><Chinesisch>请在此输入词条的第2条汉语意思</Chinesisch><BeispielSammlung></BeispielSammlung></Eintrag></AllgemeineErläuterungen></Entry>