<Entry category="Substantiv"><Stichwort>Markt</Stichwort><Einheit>8</Einheit><Anteil>3</Anteil><Genus>der</Genus><Pluralform>Märkte</Pluralform><GenitivSingular>Marktes</GenitivSingular><zusammengesetzteWörter><KompositaCollection><K_>Fischmarkt</K_><K_>Obstmarkt</K_><K_>Markttag</K_><K_>Marktplatz</K_><K_>Weltmarkt</K_><K_>请在此输入第6个合成词</K_></KompositaCollection><abgeleiteteWörter><hierzu category="Substantiv">请在此输入第1个派生词</hierzu></abgeleiteteWörter></zusammengesetzteWörter><Synonymegruppe><Sym>请在此输入第1个同义词</Sym></Synonymegruppe><Antonymegruppe><Anm>请在此输入第1个同义词</Anm></Antonymegruppe><Kollokationen><K>auf den Markt gehen</K><K>der schwarze Markt(非法交易市场)</K><K>请在此输入第3个短语</K></Kollokationen><AllgemeineErläuterungen><Eintrag><Chinesisch>市场</Chinesisch><BeispielSammlung><Beispiel><Satz>Gibt es hier in der Nähe einen Markt?</Satz><Übersetzung>这附近有市场吗？</Übersetzung></Beispiel><Beispiel><Satz>请在此输入第2条例句</Satz><Übersetzung>请在此输入第2条例句的汉语翻译</Übersetzung></Beispiel></BeispielSammlung></Eintrag><Eintrag><Chinesisch>请在此输入词条的第2条汉语意思</Chinesisch><BeispielSammlung></BeispielSammlung></Eintrag></AllgemeineErläuterungen></Entry>