<Entry category="Substantiv"><Stichwort>Ohr</Stichwort><Einheit>9</Einheit><Anteil>1</Anteil><Genus>das</Genus><Pluralform>Ohren</Pluralform><GenitivSingular>Ohres</GenitivSingular><zusammengesetzteWörter><KompositaCollection><K_>Ohrenarzt</K_><K_>请在此输入第2个合成词</K_></KompositaCollection><abgeleiteteWörter><hierzu category="Substantiv">请在此输入第1个派生词</hierzu></abgeleiteteWörter></zusammengesetzteWörter><Synonymegruppe><Sym>请在此输入第1个同义词</Sym></Synonymegruppe><Antonymegruppe><Anm>请在此输入第1个同义词</Anm></Antonymegruppe><Kollokationen><K>das linke Ohr</K><K>das rechte Ohr</K><K>请在此输入第3个短语</K></Kollokationen><AllgemeineErläuterungen><Eintrag><Chinesisch>耳朵</Chinesisch><BeispielSammlung><Beispiel><Satz>Das Lied geht leicht ins Ohr.</Satz><Übersetzung>歌声轻飘飘入耳。</Übersetzung></Beispiel><Beispiel><Satz>请在此输入第2条例句</Satz><Übersetzung>请在此输入第2条例句的汉语翻译</Übersetzung></Beispiel></BeispielSammlung></Eintrag><Eintrag><Chinesisch>请在此输入词条的第2条汉语意思</Chinesisch><BeispielSammlung></BeispielSammlung></Eintrag></AllgemeineErläuterungen></Entry>