<Entry category="Substantiv"><Stichwort>Rad</Stichwort><Einheit>1</Einheit><Anteil>1</Anteil><Genus>das</Genus><Pluralform>Räder</Pluralform><GenitivSingular>Rades</GenitivSingular><zusammengesetzteWörter><KompositaCollection><K_>请在此输入第1个合成词</K_></KompositaCollection><abgeleiteteWörter><hierzu category="Substantiv">请在此输入第1个派生词</hierzu></abgeleiteteWörter></zusammengesetzteWörter><Synonymegruppe><Sym>请在此输入第1个同义词</Sym></Synonymegruppe><Antonymegruppe><Anm>请在此输入第1个同义词</Anm></Antonymegruppe><Kollokationen><K>请在此输入第1个短语</K></Kollokationen><AllgemeineErläuterungen><Eintrag><Chinesisch>自行车,轮子</Chinesisch><BeispielSammlung><Beispiel><Satz>Das ist ein Rad.</Satz><Übersetzung>这是一辆自行车。</Übersetzung></Beispiel><Beispiel><Satz>Das sind vier Räder.</Satz><Übersetzung>这是4辆自行车。</Übersetzung></Beispiel></BeispielSammlung></Eintrag><Eintrag><Chinesisch>请在此输入词条的第2条汉语意思</Chinesisch><BeispielSammlung></BeispielSammlung></Eintrag></AllgemeineErläuterungen></Entry>