<?xml version="1.0" encoding="utf-8" standalone="yes"?><?xml-stylesheet type="text/xsl" href="NounRenderTemplate.xslt"?><Eintrag category="Substantiv"><Stichwort>Apotheke</Stichwort><Einheit>9</Einheit><Anteil>Text</Anteil><Genus>der</Genus><Pluralform>o.Pl.</Pluralform><GenitivSingular>Apothekes</GenitivSingular><zusammengesetzteWörter><KompositaCollection/><abgeleiteteWörter><hierzu category="Substantiv">Apotheker</hierzu></abgeleiteteWörter></zusammengesetzteWörter><Synonymegruppe/><Antonymegruppe/><Kollokationen><K>chinesische Apotheke</K></Kollokationen><AllgemeineErläuterungen><Eintrag><Chinesisch>药店</Chinesisch><BeispielSammlung><Beispiel><Satz>Er holt sich Medikamente aus der Apotheke.</Satz><Übersetzung>他从药店那买了药。</Übersetzung></Beispiel></BeispielSammlung></Eintrag></AllgemeineErläuterungen></Eintrag>