<?xml version="1.0" encoding="utf-8" standalone="yes"?><?xml-stylesheet type="text/xsl" href="NounRenderTemplate.xslt"?><Eintrag category="Substantiv"><Stichwort>Freitag</Stichwort><Einheit>3</Einheit><Anteil>Text</Anteil><Genus>der</Genus><Pluralform>Freitage</Pluralform><GenitivSingular>Freitags</GenitivSingular><zusammengesetzteWörter><KompositaCollection/><abgeleiteteWörter/></zusammengesetzteWörter><Synonymegruppe/><Antonymegruppe/><Kollokationen/><AllgemeineErläuterungen><Eintrag><Chinesisch>星期五</Chinesisch><BeispielSammlung><Beispiel><Satz>Am Freitag haben wir eine Prüfung.</Satz><Übersetzung>周五我们有考试。</Übersetzung></Beispiel></BeispielSammlung></Eintrag></AllgemeineErläuterungen></Eintrag>