<?xml version="1.0" encoding="utf-8" standalone="yes"?><?xml-stylesheet type="text/xsl" href="NounRenderTemplate.xslt"?><Eintrag category="Substantiv"><Stichwort>Freizeit</Stichwort><Einheit>8</Einheit><Anteil>Einführung</Anteil><Genus>die</Genus><Pluralform>Freizeiten</Pluralform><GenitivSingular>Freizeit</GenitivSingular><zusammengesetzteWörter><KompositaCollection/><abgeleiteteWörter/></zusammengesetzteWörter><Synonymegruppe/><Antonymegruppe/><Kollokationen/><AllgemeineErläuterungen><Eintrag><Chinesisch>空闲时间</Chinesisch><BeispielSammlung><Beispiel><Satz>Was machst du in der Freizeit?</Satz><Übersetzung>你闲暇时做什么?</Übersetzung></Beispiel></BeispielSammlung></Eintrag></AllgemeineErläuterungen></Eintrag>