<?xml version="1.0" encoding="utf-8" standalone="yes"?><?xml-stylesheet type="text/xsl" href="NounRenderTemplate.xslt"?><Eintrag category="Substantiv"><Stichwort>Freundin</Stichwort><Einheit>2</Einheit><Anteil>Leseverstehen</Anteil><Genus>die</Genus><Pluralform>Freudinnen</Pluralform><GenitivSingular>Freundin</GenitivSingular><zusammengesetzteWörter><KompositaCollection/><abgeleiteteWörter/></zusammengesetzteWörter><Synonymegruppe/><Antonymegruppe/><Kollokationen/><AllgemeineErläuterungen><Eintrag><Chinesisch>女朋友</Chinesisch><BeispielSammlung><Beispiel><Satz>Maria ist meine Freundin.</Satz><Übersetzung>Maria 是我的女友。</Übersetzung></Beispiel></BeispielSammlung></Eintrag></AllgemeineErläuterungen></Eintrag>