<?xml version="1.0" encoding="utf-8" standalone="yes"?><?xml-stylesheet type="text/xsl" href="NounRenderTemplate.xslt"?><Eintrag category="Substantiv"><Stichwort>Führerschein</Stichwort><Einheit>10</Einheit><Anteil>Übungen</Anteil><Genus>der</Genus><Pluralform>Führerscheine</Pluralform><GenitivSingular>Führerscheins</GenitivSingular><zusammengesetzteWörter><KompositaCollection><K_>Führerscheinprüfung</K_></KompositaCollection><abgeleiteteWörter/></zusammengesetzteWörter><Synonymegruppe/><Antonymegruppe/><Kollokationen/><AllgemeineErläuterungen><Eintrag><Chinesisch>驾驶执照</Chinesisch><BeispielSammlung><Beispiel><Satz>Erst mit einem Führerschein kann man Auto fahren.</Satz><Übersetzung/></Beispiel></BeispielSammlung></Eintrag></AllgemeineErläuterungen></Eintrag>