<?xml version="1.0" encoding="utf-8" standalone="yes"?><?xml-stylesheet type="text/xsl" href="NounRenderTemplate.xslt"?><Eintrag category="Substantiv"><Stichwort>Gastgeber</Stichwort><Einheit>7</Einheit><Anteil>Leseverstehen</Anteil><Genus>der</Genus><Pluralform>Gastgeber</Pluralform><GenitivSingular>Gastgebers</GenitivSingular><zusammengesetzteWörter><KompositaCollection/><abgeleiteteWörter/></zusammengesetzteWörter><Synonymegruppe/><Antonymegruppe/><Kollokationen/><AllgemeineErläuterungen><Eintrag><Chinesisch>主人</Chinesisch><BeispielSammlung><Beispiel><Satz>Das ist ein Geschenk für den Gastgeber.</Satz><Übersetzung>这是给主人的一件礼物。</Übersetzung></Beispiel></BeispielSammlung></Eintrag></AllgemeineErläuterungen></Eintrag>