<?xml version="1.0" encoding="utf-8" standalone="yes"?><?xml-stylesheet type="text/xsl" href="NounRenderTemplate.xslt"?><Eintrag category="Substantiv"><Stichwort>Gefährte</Stichwort><Einheit>4</Einheit><Anteil>Text</Anteil><Genus>der</Genus><Pluralform>Gefährten</Pluralform><GenitivSingular>Gefährten</GenitivSingular><zusammengesetzteWörter><KompositaCollection/><abgeleiteteWörter><hierzu category="Substantiv">Gefährtin</hierzu></abgeleiteteWörter></zusammengesetzteWörter><Synonymegruppe/><Antonymegruppe/><Kollokationen/><AllgemeineErläuterungen><Eintrag><Chinesisch>伴侣</Chinesisch><BeispielSammlung><Beispiel><Satz>Ich bin noch nicht verheiratet, habe aber einen Lebensgefährten.</Satz><Übersetzung/></Beispiel></BeispielSammlung></Eintrag></AllgemeineErläuterungen></Eintrag>