<?xml version="1.0" encoding="utf-8" standalone="yes"?><?xml-stylesheet type="text/xsl" href="NounRenderTemplate.xslt"?><Eintrag category="Substantiv"><Stichwort>Gefährtin</Stichwort><Einheit>4</Einheit><Anteil>Text</Anteil><Genus>die</Genus><Pluralform>Gefährtinnen</Pluralform><GenitivSingular>Gefährtin</GenitivSingular><zusammengesetzteWörter><KompositaCollection/><abgeleiteteWörter/></zusammengesetzteWörter><Synonymegruppe/><Antonymegruppe/><Kollokationen/><AllgemeineErläuterungen><Eintrag><Chinesisch>（女）伴侣</Chinesisch><BeispielSammlung><Beispiel><Satz/><Übersetzung/></Beispiel></BeispielSammlung></Eintrag></AllgemeineErläuterungen></Eintrag>