<?xml version="1.0" encoding="utf-8" standalone="yes"?><?xml-stylesheet type="text/xsl" href="NounRenderTemplate.xslt"?><Eintrag category="Substantiv"><Stichwort>Gelegenheit</Stichwort><Einheit>8</Einheit><Anteil>Text</Anteil><Genus>die</Genus><Pluralform>Gelegenheiten</Pluralform><GenitivSingular>Gelegenheit</GenitivSingular><zusammengesetzteWörter><KompositaCollection/><abgeleiteteWörter/></zusammengesetzteWörter><Synonymegruppe/><Antonymegruppe/><Kollokationen><K>die Gelegenheit ergreifen (抓住)</K></Kollokationen><AllgemeineErläuterungen><Eintrag><Chinesisch>机会</Chinesisch><BeispielSammlung><Beispiel><Satz>Die Gelegenheit ist ja wirklich super.</Satz><Übersetzung>机会绝佳。</Übersetzung></Beispiel></BeispielSammlung></Eintrag></AllgemeineErläuterungen></Eintrag>