<?xml version="1.0" encoding="utf-8" standalone="yes"?><?xml-stylesheet type="text/xsl" href="NounRenderTemplate.xslt"?><Eintrag category="Substantiv"><Stichwort>Generation</Stichwort><Einheit>4</Einheit><Anteil>Einführung</Anteil><Genus>die</Genus><Pluralform>Generationen</Pluralform><GenitivSingular>Generation</GenitivSingular><zusammengesetzteWörter><KompositaCollection/><abgeleiteteWörter/></zusammengesetzteWörter><Synonymegruppe/><Antonymegruppe/><Kollokationen/><AllgemeineErläuterungen><Eintrag><Chinesisch>世代</Chinesisch><BeispielSammlung><Beispiel><Satz>Die Großeltern,die Eltern und wir sind drei Generationen.</Satz><Übersetzung>祖父母、父母和我们是三代人。</Übersetzung></Beispiel></BeispielSammlung></Eintrag></AllgemeineErläuterungen></Eintrag>