<?xml version="1.0" encoding="utf-8" standalone="yes"?><?xml-stylesheet type="text/xsl" href="NounRenderTemplate.xslt"?><Eintrag category="Substantiv"><Stichwort>Geschirrspülmaschine</Stichwort><Einheit>6</Einheit><Anteil>Leseverstehen</Anteil><Genus>die</Genus><Pluralform>Geschirrspülmaschinen</Pluralform><GenitivSingular/><zusammengesetzteWörter><KompositaCollection/><abgeleiteteWörter/></zusammengesetzteWörter><Synonymegruppe/><Antonymegruppe/><Kollokationen/><AllgemeineErläuterungen><Eintrag><Chinesisch>洗碗机</Chinesisch><BeispielSammlung><Beispiel><Satz>Die Geschirrspülmaschine arbeitet gut.</Satz><Übersetzung>这个洗碗机工作得不错。</Übersetzung></Beispiel></BeispielSammlung></Eintrag></AllgemeineErläuterungen></Eintrag>