<?xml version="1.0" encoding="utf-8" standalone="yes"?><?xml-stylesheet type="text/xsl" href="NounRenderTemplate.xslt"?><Eintrag category="Substantiv"><Stichwort>Glückwunsch</Stichwort><Einheit>7</Einheit><Anteil>Text</Anteil><Genus>der</Genus><Pluralform>Glückwünsche</Pluralform><GenitivSingular>Glückwünschs</GenitivSingular><zusammengesetzteWörter><KompositaCollection/><abgeleiteteWörter/></zusammengesetzteWörter><Synonymegruppe><Sym>Gratulation</Sym></Synonymegruppe><Antonymegruppe/><Kollokationen><K>jemandem die besten Glückwünsche senden</K></Kollokationen><AllgemeineErläuterungen><Eintrag><Chinesisch>祝贺</Chinesisch><BeispielSammlung><Beispiel><Satz>Herzlichen Glückwunsch zum Geburtstag!</Satz><Übersetzung>祝生日快乐!</Übersetzung></Beispiel></BeispielSammlung></Eintrag></AllgemeineErläuterungen></Eintrag>