<?xml version="1.0" encoding="utf-8" standalone="yes"?><?xml-stylesheet type="text/xsl" href="NounRenderTemplate.xslt"?><Eintrag category="Substantiv"><Stichwort>Schlaflosigkeit</Stichwort><Einheit>9</Einheit><Anteil>Leseverstehen</Anteil><Genus>die</Genus><Pluralform>nur Sg</Pluralform><GenitivSingular>Schlaflosigkeit</GenitivSingular><zusammengesetzteWörter><KompositaCollection/><abgeleiteteWörter/></zusammengesetzteWörter><Synonymegruppe/><Antonymegruppe/><Kollokationen/><AllgemeineErläuterungen><Eintrag><Chinesisch>失眠症</Chinesisch><BeispielSammlung/></Eintrag></AllgemeineErläuterungen></Eintrag>