<?xml version="1.0" encoding="utf-8" standalone="yes"?><?xml-stylesheet type="text/xsl" href="NounRenderTemplate.xslt"?><Eintrag category="Substantiv"><Stichwort>Vermieter</Stichwort><Einheit>6</Einheit><Anteil>Text</Anteil><Genus>der</Genus><Pluralform>Vermieter</Pluralform><GenitivSingular>Vermieters</GenitivSingular><zusammengesetzteWörter><KompositaCollection/><abgeleiteteWörter><hierzu category="Verben">vermieten</hierzu><hierzu category="Substantiv">Vermieterin</hierzu></abgeleiteteWörter></zusammengesetzteWörter><Synonymegruppe/><Antonymegruppe/><Kollokationen/><AllgemeineErläuterungen><Eintrag><Chinesisch>出租者</Chinesisch><BeispielSammlung/></Eintrag></AllgemeineErläuterungen></Eintrag>