<?xml version="1.0" encoding="utf-8" standalone="yes"?><?xml-stylesheet type="text/xsl" href="NounRenderTemplate.xslt"?><Eintrag category="Substantiv"><Stichwort>Versichertenkarte</Stichwort><Einheit>9</Einheit><Anteil>Text</Anteil><Genus>die</Genus><Pluralform>Karten</Pluralform><GenitivSingular>Karte</GenitivSingular><zusammengesetzteWörter><KompositaCollection/><abgeleiteteWörter><hierzu category="Verben">versichern</hierzu></abgeleiteteWörter></zusammengesetzteWörter><Synonymegruppe/><Antonymegruppe/><Kollokationen/><AllgemeineErläuterungen><Eintrag><Chinesisch>医疗保险卡</Chinesisch><BeispielSammlung/></Eintrag></AllgemeineErläuterungen></Eintrag>