<?xml version="1.0" encoding="utf-8" standalone="yes"?><?xml-stylesheet type="text/xsl" href="NounRenderTemplate.xslt"?><Eintrag category="Substantiv"><Stichwort>Wartezimmer</Stichwort><Einheit>9</Einheit><Anteil>Text</Anteil><Genus>das</Genus><Pluralform>Wartezimmer</Pluralform><GenitivSingular>Wartezimmers</GenitivSingular><zusammengesetzteWörter><KompositaCollection/><abgeleiteteWörter/></zusammengesetzteWörter><Synonymegruppe/><Antonymegruppe/><Kollokationen/><AllgemeineErläuterungen><Eintrag><Chinesisch>候诊室</Chinesisch><BeispielSammlung><Beispiel><Satz>Das Wartezimmer war so überfüllt, dass ich auf dem Gang warten musste.</Satz><Übersetzung>候诊室人非常多，我不得不在过道里等。</Übersetzung></Beispiel></BeispielSammlung></Eintrag></AllgemeineErläuterungen></Eintrag>