<?xml version="1.0" encoding="utf-8" standalone="yes"?><?xml-stylesheet type="text/xsl" href="NounRenderTemplate.xslt"?><Eintrag category="Substantiv"><Stichwort>Wecker</Stichwort><Einheit>6</Einheit><Anteil>Text</Anteil><Genus>der</Genus><Pluralform>Wecker</Pluralform><GenitivSingular>Weckers</GenitivSingular><zusammengesetzteWörter><KompositaCollection/><abgeleiteteWörter><hierzu category="Verben">wecken</hierzu></abgeleiteteWörter></zusammengesetzteWörter><Synonymegruppe/><Antonymegruppe/><Kollokationen><K>der Wecker klingelt</K></Kollokationen><AllgemeineErläuterungen><Eintrag><Chinesisch>闹钟</Chinesisch><BeispielSammlung><Beispiel><Satz>Stell den Wecker auf acht Uhr.</Satz><Übersetzung>把闹钟拨到八点。</Übersetzung></Beispiel></BeispielSammlung></Eintrag></AllgemeineErläuterungen></Eintrag>