<?xml version="1.0" encoding="utf-8" standalone="yes"?><?xml-stylesheet type="text/xsl" href="NounRenderTemplate.xslt"?><Eintrag category="Substantiv"><Stichwort>Weltmeisterschaft</Stichwort><Einheit>8</Einheit><Anteil>Übungen</Anteil><Genus>die</Genus><Pluralform>Weltmeisterschaften</Pluralform><GenitivSingular>Weltmeisterschaft</GenitivSingular><zusammengesetzteWörter><KompositaCollection/><abgeleiteteWörter/></zusammengesetzteWörter><Synonymegruppe/><Antonymegruppe/><Kollokationen/><AllgemeineErläuterungen><Eintrag><Chinesisch>世界冠军赛，世界杯</Chinesisch><BeispielSammlung><Beispiel><Satz>Sie haben sich für die Weltmeisterschaft qualifiziert.</Satz><Übersetzung>他们获得了参加世界杯的资格。</Übersetzung></Beispiel></BeispielSammlung></Eintrag></AllgemeineErläuterungen></Eintrag>