<?xml version="1.0" encoding="utf-8" standalone="yes"?><?xml-stylesheet type="text/xsl" href="NounRenderTemplate.xslt"?><Eintrag category="Substantiv"><Stichwort>Ausländerin</Stichwort><Einheit>3</Einheit><Anteil>Leseverstehen</Anteil><Genus>die</Genus><Pluralform>Ausländerinnen</Pluralform><GenitivSingular/><zusammengesetzteWörter><KompositaCollection/><abgeleiteteWörter/></zusammengesetzteWörter><Synonymegruppe/><Antonymegruppe/><Kollokationen/><AllgemeineErläuterungen><Eintrag><Chinesisch>女外国人</Chinesisch><BeispielSammlung><Beispiel><Satz>Die Ausländerin spricht gut Englisch.</Satz><Übersetzung>这位女老外英语讲得不错。</Übersetzung></Beispiel></BeispielSammlung></Eintrag></AllgemeineErläuterungen></Eintrag>