<?xml version="1.0" encoding="utf-8" standalone="yes"?><?xml-stylesheet type="text/xsl" href="NounRenderTemplate.xslt"?><Eintrag category="Substantiv"><Stichwort>Wirtschaftswissenschaft</Stichwort><Einheit>2</Einheit><Anteil>Leseverstehen</Anteil><Genus>die</Genus><Pluralform>Wirtschaftswissenschaften</Pluralform><GenitivSingular>Wirtschaftswissenschaft</GenitivSingular><zusammengesetzteWörter><KompositaCollection/><abgeleiteteWörter/></zusammengesetzteWörter><Synonymegruppe/><Antonymegruppe/><Kollokationen/><AllgemeineErläuterungen><Eintrag><Chinesisch>经济学</Chinesisch><BeispielSammlung/></Eintrag></AllgemeineErläuterungen></Eintrag>