<?xml version="1.0" encoding="utf-8" standalone="yes"?><?xml-stylesheet type="text/xsl" href="NounRenderTemplate.xslt"?><Eintrag category="Substantiv"><Stichwort>Wohnhaus</Stichwort><Einheit>6</Einheit><Anteil>Einfürung</Anteil><Genus>das</Genus><Pluralform>Wohnhäuser</Pluralform><GenitivSingular>Wohnhauses</GenitivSingular><zusammengesetzteWörter><KompositaCollection/><abgeleiteteWörter/></zusammengesetzteWörter><Synonymegruppe><Sym>Wohnung</Sym></Synonymegruppe><Antonymegruppe/><Kollokationen><K>ein dreistöckiges Wohnhaus</K></Kollokationen><AllgemeineErläuterungen><Eintrag><Chinesisch>住宅</Chinesisch><BeispielSammlung/></Eintrag></AllgemeineErläuterungen></Eintrag>