<?xml version="1.0" encoding="utf-8" standalone="yes"?><?xml-stylesheet type="text/xsl" href="NounRenderTemplate.xslt"?><Eintrag category="Substantiv"><Stichwort>Zitrone</Stichwort><Einheit>5</Einheit><Anteil>Hörverstehen</Anteil><Genus>die</Genus><Pluralform>Zitronen</Pluralform><GenitivSingular>Zitrone</GenitivSingular><zusammengesetzteWörter><KompositaCollection><_K>Zitronesaft</_K><_K>Zitronelimonade</_K><_K>zitronengelb </_K></KompositaCollection><abgeleiteteWörter/></zusammengesetzteWörter><Synonymegruppe/><Antonymegruppe/><Kollokationen><K>eine Zitrone auspressen</K></Kollokationen><AllgemeineErläuterungen><Eintrag><Chinesisch>柠檬</Chinesisch><BeispielSammlung/></Eintrag></AllgemeineErläuterungen></Eintrag>