<?xml version="1.0" encoding="utf-8" standalone="yes"?><?xml-stylesheet type="text/xsl" href="NounRenderTemplate.xslt"?><Eintrag category="Substantiv"><Stichwort>Bericht</Stichwort><Einheit>8</Einheit><Anteil>Text</Anteil><Genus>der</Genus><Pluralform>Berichte</Pluralform><GenitivSingular>Berichtes</GenitivSingular><zusammengesetzteWörter><KompositaCollection/><abgeleiteteWörter/></zusammengesetzteWörter><Synonymegruppe/><Antonymegruppe/><Kollokationen><K>einen Bericht geben</K></Kollokationen><AllgemeineErläuterungen><Eintrag><Chinesisch>报告</Chinesisch><BeispielSammlung><Beispiel><Satz>Sie muss einen Bericht schreiben.</Satz><Übersetzung>她必须写一份报告。</Übersetzung></Beispiel></BeispielSammlung></Eintrag></AllgemeineErläuterungen></Eintrag>