<?xml version="1.0" encoding="utf-8" standalone="yes"?><?xml-stylesheet type="text/xsl" href="NounRenderTemplate.xslt"?><Eintrag category="Substantiv"><Stichwort>Berlin</Stichwort><Einheit>1</Einheit><Anteil>4</Anteil><Genus>das</Genus><Pluralform>o.Pl.</Pluralform><GenitivSingular/><zusammengesetzteWörter><KompositaCollection/><abgeleiteteWörter><hierzu category="Substantiv">Berliner</hierzu></abgeleiteteWörter></zusammengesetzteWörter><Synonymegruppe/><Antonymegruppe/><Kollokationen/><AllgemeineErläuterungen><Eintrag><Chinesisch>柏林</Chinesisch><BeispielSammlung><Beispiel><Satz>Ich komme aus Berlin.</Satz><Übersetzung>我来自柏林。</Übersetzung></Beispiel></BeispielSammlung></Eintrag></AllgemeineErläuterungen></Eintrag>