<?xml version="1.0" encoding="utf-8" standalone="yes"?><?xml-stylesheet type="text/xsl" href="NounRenderTemplate.xslt"?><Eintrag category="Substantiv"><Stichwort>Beruf</Stichwort><Einheit>4</Einheit><Anteil>Übungen</Anteil><Genus>der</Genus><Pluralform>Berufe</Pluralform><GenitivSingular>Berufes</GenitivSingular><zusammengesetzteWörter><KompositaCollection><K_>Berufskleidung</K_><K_>Berufsfachschule</K_></KompositaCollection><abgeleiteteWörter/></zusammengesetzteWörter><Synonymegruppe/><Antonymegruppe/><Kollokationen><K>ein technischer Beruf</K><K>Erfolg im Beruf haben</K></Kollokationen><AllgemeineErläuterungen><Eintrag><Chinesisch>职业</Chinesisch><BeispielSammlung><Beispiel><Satz>--Was sind er von Beruf? --Er ist Arzt von Beruf.</Satz><Übersetzung>--他做什么工作?--他是医生。</Übersetzung></Beispiel></BeispielSammlung></Eintrag></AllgemeineErläuterungen></Eintrag>