<?xml version="1.0" encoding="utf-8" standalone="yes"?><?xml-stylesheet type="text/xsl" href="NounRenderTemplate.xslt"?><Eintrag category="Substantiv"><Stichwort>Beschwerde</Stichwort><Einheit>9</Einheit><Anteil>Text</Anteil><Genus>die</Genus><Pluralform>Beschwerden</Pluralform><GenitivSingular>Beschwerde</GenitivSingular><zusammengesetzteWörter><KompositaCollection><_K>Herzbeschwerden</_K><_K>Magenbeschwerden</_K></KompositaCollection><abgeleiteteWörter><hierzu category="Adjektiv">beschwerdefrei</hierzu></abgeleiteteWörter></zusammengesetzteWörter><Synonymegruppe/><Antonymegruppe/><Kollokationen/><AllgemeineErläuterungen><Eintrag><Chinesisch>病痛</Chinesisch><BeispielSammlung><Beispiel><Satz>Seit wann haben Sie die Beschwerden?</Satz><Übersetzung>从什么时候开始感到病痛？</Übersetzung></Beispiel></BeispielSammlung></Eintrag></AllgemeineErläuterungen></Eintrag>