<?xml version="1.0" encoding="utf-8" standalone="yes"?><?xml-stylesheet type="text/xsl" href="NounRenderTemplate.xslt"?><Eintrag category="Substantiv"><Stichwort>Besserung</Stichwort><Einheit>7</Einheit><Anteil>Intentionen</Anteil><Genus>die</Genus><Pluralform>o.Pl.</Pluralform><GenitivSingular>Besserung</GenitivSingular><zusammengesetzteWörter><KompositaCollection><_K>Wetterbesserung</_K></KompositaCollection><abgeleiteteWörter/></zusammengesetzteWörter><Synonymegruppe/><Antonymegruppe/><Kollokationen/><AllgemeineErläuterungen><Eintrag><Chinesisch>好转</Chinesisch><BeispielSammlung><Beispiel><Satz>Gute Besserung!</Satz><Übersetzung>祝你早日康复！</Übersetzung></Beispiel></BeispielSammlung></Eintrag></AllgemeineErläuterungen></Eintrag>