<?xml version="1.0" encoding="utf-8" standalone="yes"?><?xml-stylesheet type="text/xsl" href="NounRenderTemplate.xslt"?><Eintrag category="Substantiv"><Stichwort>Bett</Stichwort><Einheit>1</Einheit><Anteil>2</Anteil><Genus>das</Genus><Pluralform>Betten</Pluralform><GenitivSingular>Bettes</GenitivSingular><zusammengesetzteWörter><KompositaCollection><_K>Dopplebett</_K><_K>Kinderbett</_K><_K>Holzbett</_K><K_>Bettcouch</K_></KompositaCollection><abgeleiteteWörter/></zusammengesetzteWörter><Synonymegruppe/><Antonymegruppe/><Kollokationen/><AllgemeineErläuterungen><Eintrag><Chinesisch>床</Chinesisch><BeispielSammlung><Beispiel><Satz>Das ist mein Bett und es ist breit. .</Satz><Übersetzung>这张我的床，它很宽。</Übersetzung></Beispiel></BeispielSammlung></Eintrag></AllgemeineErläuterungen></Eintrag>