<?xml version="1.0" encoding="utf-8" standalone="yes"?><?xml-stylesheet type="text/xsl" href="NounRenderTemplate.xslt"?><Eintrag category="Substantiv"><Stichwort>Bibliothek</Stichwort><Einheit>10</Einheit><Anteil>Text</Anteil><Genus>die</Genus><Pluralform>Bibliotheken</Pluralform><GenitivSingular/><zusammengesetzteWörter><KompositaCollection><_K>Fachbibliothek</_K><K_>Bibliothekswissenshaft</K_><_K>Universitätsbibliothek</_K></KompositaCollection><abgeleiteteWörter/></zusammengesetzteWörter><Synonymegruppe/><Antonymegruppe/><Kollokationen/><AllgemeineErläuterungen><Eintrag><Chinesisch>图书馆</Chinesisch><BeispielSammlung><Beispiel><Satz>Ich arbeite gern in der Bibliothek.</Satz><Übersetzung>我喜欢在图书馆工作。</Übersetzung></Beispiel><Beispiel><Satz>Es gibt drei Universitätsbibliotheken und viele Fachbibliotheken in Tsinghua.</Satz><Übersetzung>清华有三座校图书馆和众多的专业分馆。</Übersetzung></Beispiel></BeispielSammlung></Eintrag></AllgemeineErläuterungen></Eintrag>