<?xml version="1.0" encoding="utf-8" standalone="yes"?><?xml-stylesheet type="text/xsl" href="NounRenderTemplate.xslt"?><Eintrag category="Substantiv"><Stichwort>Adresse</Stichwort><Einheit>8</Einheit><Anteil>Leseverstehen</Anteil><Genus>die</Genus><Pluralform>Adressen</Pluralform><GenitivSingular>Adresse</GenitivSingular><zusammengesetzteWörter><KompositaCollection/><abgeleiteteWörter><hierzu category="Verben">adressiren</hierzu></abgeleiteteWörter></zusammengesetzteWörter><Synonymegruppe/><Antonymegruppe/><Kollokationen><K>jemandem seine Adresse geben</K><K>bei jemandem an die falsche Adresse kommen</K></Kollokationen><AllgemeineErläuterungen><Eintrag><Chinesisch>地址</Chinesisch><BeispielSammlung><Beispiel><Satz>Sie haben ihre Adressen ausgetauscht.</Satz><Übersetzung>他们互相交换了地址。</Übersetzung></Beispiel></BeispielSammlung></Eintrag></AllgemeineErläuterungen></Eintrag>