<?xml version="1.0" encoding="utf-8" standalone="yes"?><?xml-stylesheet type="text/xsl" href="NounRenderTemplate.xslt"?><Eintrag category="Substantiv"><Stichwort>Blume</Stichwort><Einheit>5</Einheit><Anteil>Übungen</Anteil><Genus>die</Genus><Pluralform>Blumen</Pluralform><GenitivSingular>Blume</GenitivSingular><zusammengesetzteWörter><KompositaCollection><_K>Wiesenblume</_K><_K>Frühlingsblume</_K><_K>Sommerblume</_K><_K>Herbstblume</_K><K_>Blumengarten</K_><K_>Blumenfenster</K_></KompositaCollection><abgeleiteteWörter/></zusammengesetzteWörter><Synonymegruppe/><Antonymegruppe/><Kollokationen/><AllgemeineErläuterungen><Eintrag><Chinesisch>花</Chinesisch><BeispielSammlung><Beispiel><Satz>Die Blumen hier sind sehr schön.</Satz><Übersetzung>这儿的花真漂亮。</Übersetzung></Beispiel></BeispielSammlung></Eintrag></AllgemeineErläuterungen></Eintrag>