<?xml version="1.0" encoding="utf-8" standalone="yes"?><?xml-stylesheet type="text/xsl" href="NounRenderTemplate.xslt"?><Eintrag category="Substantiv"><Stichwort>Bratkartoffeln</Stichwort><Einheit>5</Einheit><Anteil>Text</Anteil><Genus>das</Genus><Pluralform>Bratkartoffeln</Pluralform><GenitivSingular/><zusammengesetzteWörter><KompositaCollection/><abgeleiteteWörter/></zusammengesetzteWörter><Synonymegruppe/><Antonymegruppe/><Kollokationen/><AllgemeineErläuterungen><Eintrag><Chinesisch>油煎土豆</Chinesisch><BeispielSammlung><Beispiel><Satz>Xiaoming bestellt Bratkartoffeln.</Satz><Übersetzung>小明点了油煎土豆。</Übersetzung></Beispiel></BeispielSammlung></Eintrag></AllgemeineErläuterungen></Eintrag>