<?xml version="1.0" encoding="utf-8" standalone="yes"?><?xml-stylesheet type="text/xsl" href="NounRenderTemplate.xslt"?><Eintrag category="Substantiv"><Stichwort>Brief</Stichwort><Einheit>2</Einheit><Anteil>Leseverstehen</Anteil><Genus>der</Genus><Pluralform>Briefe</Pluralform><GenitivSingular>Briefes</GenitivSingular><zusammengesetzteWörter><KompositaCollection><K_>Briefpapier</K_></KompositaCollection><abgeleiteteWörter/></zusammengesetzteWörter><Synonymegruppe/><Antonymegruppe/><Kollokationen><K>einen Brief schreiben</K><K>einen Brief öffnen</K><K>einen Brief lesen</K><K>einen Brief beantworten</K></Kollokationen><AllgemeineErläuterungen><Eintrag><Chinesisch>信</Chinesisch><BeispielSammlung><Beispiel><Satz>,,Was ist denn das?'' ,,Das sind Briefe aus Deutschland.''</Satz><Übersetzung>--这是什么？ --这是来自德国的信。</Übersetzung></Beispiel></BeispielSammlung></Eintrag></AllgemeineErläuterungen></Eintrag>