<?xml version="1.0" encoding="utf-8" standalone="yes"?><?xml-stylesheet type="text/xsl" href="NounRenderTemplate.xslt"?><Eintrag category="Substantiv"><Stichwort>Brötchen</Stichwort><Einheit>5</Einheit><Anteil>Einführung</Anteil><Genus>das</Genus><Pluralform>Brötchen</Pluralform><GenitivSingular/><zusammengesetzteWörter><KompositaCollection><_K>Käsebrötchen</_K><K_>Wurstbrötchen</K_></KompositaCollection><abgeleiteteWörter/></zusammengesetzteWörter><Synonymegruppe/><Antonymegruppe/><Kollokationen/><AllgemeineErläuterungen><Eintrag><Chinesisch>小面包</Chinesisch><BeispielSammlung><Beispiel><Satz>Ich esse lieber Brötchen.</Satz><Übersetzung>我喜欢吃小面包。</Übersetzung></Beispiel></BeispielSammlung></Eintrag></AllgemeineErläuterungen></Eintrag>