<?xml version="1.0" encoding="utf-8" standalone="yes"?><?xml-stylesheet type="text/xsl" href="NounRenderTemplate.xslt"?><Eintrag category="Substantiv"><Stichwort>Brücke</Stichwort><Einheit>10</Einheit><Anteil>Einführung</Anteil><Genus>die</Genus><Pluralform>Brücken</Pluralform><GenitivSingular>Brücke</GenitivSingular><zusammengesetzteWörter><KompositaCollection><_K>Autobahnbrücke</_K></KompositaCollection><abgeleiteteWörter/></zusammengesetzteWörter><Synonymegruppe/><Antonymegruppe/><Kollokationen><K>über eine Brücke fahren</K></Kollokationen><AllgemeineErläuterungen><Eintrag><Chinesisch>桥</Chinesisch><BeispielSammlung><Beispiel><Satz>Der Bus hält an der Brücke.</Satz><Übersetzung>汽车停在桥边。</Übersetzung></Beispiel><Beispiel><Satz>Im Alter von 18 geht er zum Universität  und dann  hat alle Brücken hinter sich abgebrochen.</Satz><Übersetzung>他18岁去上大学,开始了新的生活。</Übersetzung></Beispiel></BeispielSammlung></Eintrag></AllgemeineErläuterungen></Eintrag>