<?xml version="1.0" encoding="utf-8" standalone="yes"?><?xml-stylesheet type="text/xsl" href="NounRenderTemplate.xslt"?><Eintrag category="Substantiv"><Stichwort>Bruder</Stichwort><Einheit>4</Einheit><Anteil>Einführung</Anteil><Genus>der</Genus><Pluralform>Brüder</Pluralform><GenitivSingular>Bruders</GenitivSingular><zusammengesetzteWörter><KompositaCollection><_K>Halbbruder</_K></KompositaCollection><abgeleiteteWörter/></zusammengesetzteWörter><Synonymegruppe/><Antonymegruppe><Anm>Schwester</Anm></Antonymegruppe><Kollokationen/><AllgemeineErläuterungen><Eintrag><Chinesisch>兄弟</Chinesisch><BeispielSammlung><Beispiel><Satz>Du bist mein Bruder.</Satz><Übersetzung>你是我的哥哥（弟弟）。</Übersetzung></Beispiel></BeispielSammlung></Eintrag></AllgemeineErläuterungen></Eintrag>