<?xml version="1.0" encoding="utf-8" standalone="yes"?><?xml-stylesheet type="text/xsl" href="NounRenderTemplate.xslt"?><Eintrag category="Substantiv"><Stichwort>Bummel</Stichwort><Einheit>8</Einheit><Anteil>Übungen</Anteil><Genus>der</Genus><Pluralform>Bummel</Pluralform><GenitivSingular>Bummels</GenitivSingular><zusammengesetzteWörter><KompositaCollection/><abgeleiteteWörter/></zusammengesetzteWörter><Synonymegruppe/><Antonymegruppe/><Kollokationen><K>einen Bummel machen</K></Kollokationen><AllgemeineErläuterungen><Eintrag><Chinesisch>闲逛</Chinesisch><BeispielSammlung><Beispiel><Satz>Ein Bummel nach dem Essen ist gesund.</Satz><Übersetzung>饭后出去走走对身体有好处。</Übersetzung></Beispiel></BeispielSammlung></Eintrag></AllgemeineErläuterungen></Eintrag>