<?xml version="1.0" encoding="utf-8" standalone="yes"?><?xml-stylesheet type="text/xsl" href="NounRenderTemplate.xslt"?><Eintrag category="Substantiv"><Stichwort>Cafeteria</Stichwort><Einheit>5</Einheit><Anteil>Leseverstehen</Anteil><Genus>die</Genus><Pluralform>Cafeterias</Pluralform><GenitivSingular>Cafeteria</GenitivSingular><zusammengesetzteWörter><KompositaCollection/><abgeleiteteWörter/></zusammengesetzteWörter><Synonymegruppe/><Antonymegruppe/><Kollokationen/><AllgemeineErläuterungen><Eintrag><Chinesisch>咖啡馆</Chinesisch><BeispielSammlung><Beispiel><Satz/><Übersetzung/></Beispiel></BeispielSammlung></Eintrag></AllgemeineErläuterungen></Eintrag>