<?xml version="1.0" encoding="utf-8" standalone="yes"?><?xml-stylesheet type="text/xsl" href="NounRenderTemplate.xslt"?><Eintrag category="Substantiv"><Stichwort>Cappuccino</Stichwort><Einheit>5</Einheit><Anteil>Hörverstehen</Anteil><Genus>der</Genus><Pluralform>Cappuccinos</Pluralform><GenitivSingular/><zusammengesetzteWörter><KompositaCollection/><abgeleiteteWörter/></zusammengesetzteWörter><Synonymegruppe/><Antonymegruppe/><Kollokationen/><AllgemeineErläuterungen><Eintrag><Chinesisch>卡布奇诺咖啡</Chinesisch><BeispielSammlung><Beispiel><Satz>Ich hätte gern einen Cappuccino.</Satz><Übersetzung>我想要一杯咖啡。</Übersetzung></Beispiel></BeispielSammlung></Eintrag></AllgemeineErläuterungen></Eintrag>