<?xml version="1.0" encoding="utf-8" standalone="yes"?><?xml-stylesheet type="text/xsl" href="NounRenderTemplate.xslt"?><Eintrag category="Substantiv"><Stichwort>Cent</Stichwort><Einheit>5</Einheit><Anteil>Übungen</Anteil><Genus>der</Genus><Pluralform>o.Pl.</Pluralform><GenitivSingular>Cents</GenitivSingular><zusammengesetzteWörter><KompositaCollection/><abgeleiteteWörter/></zusammengesetzteWörter><Synonymegruppe/><Antonymegruppe/><Kollokationen/><AllgemeineErläuterungen><Eintrag><Chinesisch>欧分</Chinesisch><BeispielSammlung><Beispiel><Satz>--Wie viel Cent sind ein Euro? --100 Cent.</Satz><Übersetzung>--一欧元相当于多少欧分？ --100欧分。</Übersetzung></Beispiel></BeispielSammlung></Eintrag></AllgemeineErläuterungen></Eintrag>