<?xml version="1.0" encoding="utf-8" standalone="yes"?><?xml-stylesheet type="text/xsl" href="NounRenderTemplate.xslt"?><Eintrag category="Substantiv"><Stichwort>Chemie</Stichwort><Einheit>2</Einheit><Anteil>Text</Anteil><Genus>die</Genus><Pluralform>o.Pl.</Pluralform><GenitivSingular>Chemie</GenitivSingular><zusammengesetzteWörter><KompositaCollection><K_>Chemiestudent</K_><K_>Chemieindustrie</K_></KompositaCollection><abgeleiteteWörter/></zusammengesetzteWörter><Synonymegruppe/><Antonymegruppe/><Kollokationen/><AllgemeineErläuterungen><Eintrag><Chinesisch>化学</Chinesisch><BeispielSammlung><Beispiel><Satz>Ich studiere Chemie.</Satz><Übersetzung>我的专业是化学。</Übersetzung></Beispiel></BeispielSammlung></Eintrag></AllgemeineErläuterungen></Eintrag>