<?xml version="1.0" encoding="utf-8" standalone="yes"?><?xml-stylesheet type="text/xsl" href="NounRenderTemplate.xslt"?><Eintrag category="Substantiv"><Stichwort>Couch</Stichwort><Einheit>7</Einheit><Anteil>Übungen</Anteil><Genus>die</Genus><Pluralform>Couchen</Pluralform><GenitivSingular>Couch</GenitivSingular><zusammengesetzteWörter><KompositaCollection/><abgeleiteteWörter/></zusammengesetzteWörter><Synonymegruppe><Sym>Sofa</Sym></Synonymegruppe><Antonymegruppe/><Kollokationen/><AllgemeineErläuterungen><Eintrag><Chinesisch>长沙发椅</Chinesisch><BeispielSammlung><Beispiel><Satz>Wang Hongliang möchte eine Couch für die neue Wohnung kaufen.</Satz><Übersetzung>王宏亮想给新居买张沙发。</Übersetzung></Beispiel></BeispielSammlung></Eintrag></AllgemeineErläuterungen></Eintrag>