<?xml version="1.0" encoding="utf-8" standalone="yes"?><?xml-stylesheet type="text/xsl" href="NounRenderTemplate.xslt"?><Eintrag category="Substantiv"><Stichwort>Cyberdoktor</Stichwort><Einheit>9</Einheit><Anteil>Leseverstehen</Anteil><Genus>der</Genus><Pluralform>Cyberdoktoren</Pluralform><GenitivSingular/><zusammengesetzteWörter><KompositaCollection/><abgeleiteteWörter/></zusammengesetzteWörter><Synonymegruppe/><Antonymegruppe/><Kollokationen/><AllgemeineErläuterungen><Eintrag><Chinesisch>虚拟医生</Chinesisch><BeispielSammlung><Beispiel><Satz>Den Cyberdoktor kann man fragen,aber nicht sehen.</Satz><Übersetzung>虚拟医生可以询问病人但看不到病人。</Übersetzung></Beispiel></BeispielSammlung></Eintrag></AllgemeineErläuterungen></Eintrag>