<?xml version="1.0" encoding="utf-8" standalone="yes"?><?xml-stylesheet type="text/xsl" href="NounRenderTemplate.xslt"?><Eintrag category="Substantiv"><Stichwort>Dame</Stichwort><Einheit>7</Einheit><Anteil>Einführung</Anteil><Genus>die</Genus><Pluralform>Damen</Pluralform><GenitivSingular/><zusammengesetzteWörter><KompositaCollection><K_>Damenhandtasche</K_><K_>Damenschuh</K_><K_>Damenfußball</K_><_K>Herzdame(红桃Q)</_K></KompositaCollection><abgeleiteteWörter/></zusammengesetzteWörter><Synonymegruppe/><Antonymegruppe><Anm>Herr</Anm></Antonymegruppe><Kollokationen/><AllgemeineErläuterungen><Eintrag><Chinesisch>女士</Chinesisch><BeispielSammlung><Beispiel><Satz>Meine Damen und Herren!</Satz><Übersetzung>女士们，先生们。</Übersetzung></Beispiel><Beispiel><Satz>Yang Jiang hat viel erlebt und viel von der Welt gesehen, also sie ist eine Dame von Welt.</Satz><Übersetzung>杨绛女士人生阅历丰富，堪称世界夫人。</Übersetzung></Beispiel></BeispielSammlung></Eintrag></AllgemeineErläuterungen></Eintrag>