<?xml version="1.0" encoding="utf-8" standalone="yes"?><?xml-stylesheet type="text/xsl" href="NounRenderTemplate.xslt"?><Eintrag category="Substantiv"><Stichwort>Deutsch</Stichwort><Einheit>2</Einheit><Anteil>Text</Anteil><Genus>das</Genus><Pluralform>o.Pl.</Pluralform><GenitivSingular/><zusammengesetzteWörter><KompositaCollection><_K>Hochdeutsch(标准德语)</_K><K_>Deutschkurs</K_><K_>Deutschunterricht</K_><K_>Deutschlehrer</K_></KompositaCollection><abgeleiteteWörter><hierzu category="Adjektiv">deutschsprachig</hierzu></abgeleiteteWörter></zusammengesetzteWörter><Synonymegruppe/><Antonymegruppe/><Kollokationen><K>ein Brief in Deutsch schreiben</K></Kollokationen><AllgemeineErläuterungen><Eintrag><Chinesisch>德语</Chinesisch><BeispielSammlung><Beispiel><Satz>Wir lernen Deutsch.</Satz><Übersetzung>我们在学习德语。</Übersetzung></Beispiel><Beispiel><Satz>Ich kann gut Deutsch sprechen, das heißt, ich kann die deutsche Sprache fließend sprechen.</Satz><Übersetzung>我能说流利的德语。</Übersetzung></Beispiel></BeispielSammlung></Eintrag></AllgemeineErläuterungen></Eintrag>