<?xml version="1.0" encoding="utf-8" standalone="yes"?><?xml-stylesheet type="text/xsl" href="NounRenderTemplate.xslt"?><Eintrag category="Substantiv"><Stichwort>Dorf</Stichwort><Einheit>10</Einheit><Anteil>Leseverstehen</Anteil><Genus>das</Genus><Pluralform>Dörfer</Pluralform><GenitivSingular/><zusammengesetzteWörter><KompositaCollection><K_>Dorfbewohner</K_><K_>Dorfkirche</K_><K_>Dorfleute</K_><K_>Dorfstraße</K_><K_>Dorfschule</K_><_K>Bergdorf</_K><_K>Fischerdorf</_K><_K>Nachbardorf</_K></KompositaCollection><abgeleiteteWörter><hierzu category="Adjektiv">dörftlich</hierzu></abgeleiteteWörter></zusammengesetzteWörter><Synonymegruppe/><Antonymegruppe><Anm>Stadt</Anm></Antonymegruppe><Kollokationen><K>aus einem Dorf kommen</K><K>auf dem Dorf wohnen</K></Kollokationen><AllgemeineErläuterungen><Eintrag><Chinesisch>村庄</Chinesisch><BeispielSammlung><Beispiel><Satz>In der Umgebung gibt es viele schöne kleine Dörfer.</Satz><Übersetzung>在附近有很漂亮的小村庄。</Übersetzung></Beispiel></BeispielSammlung></Eintrag></AllgemeineErläuterungen></Eintrag>