<?xml version="1.0" encoding="utf-8" standalone="yes"?><?xml-stylesheet type="text/xsl" href="NounRenderTemplate.xslt"?><Eintrag category="Substantiv"><Stichwort>Dusche</Stichwort><Einheit>6</Einheit><Anteil>Leseverstehen</Anteil><Genus>die</Genus><Pluralform>Duschen</Pluralform><GenitivSingular/><zusammengesetzteWörter><KompositaCollection><K_>Duscheraum</K_></KompositaCollection><abgeleiteteWörter/></zusammengesetzteWörter><Synonymegruppe/><Antonymegruppe/><Kollokationen/><AllgemeineErläuterungen><Eintrag><Chinesisch>沐浴室</Chinesisch><BeispielSammlung><Beispiel><Satz>Die Dusche ist ja modern.</Satz><Übersetzung>沐浴室很摩登。</Übersetzung></Beispiel></BeispielSammlung></Eintrag></AllgemeineErläuterungen></Eintrag>