<?xml version="1.0" encoding="utf-8" standalone="yes"?><?xml-stylesheet type="text/xsl" href="NounRenderTemplate.xslt"?><Eintrag category="Substantiv"><Stichwort>Einladung</Stichwort><Einheit>4</Einheit><Anteil>Intentionen</Anteil><Genus>die</Genus><Pluralform>Einladungen</Pluralform><GenitivSingular/><zusammengesetzteWörter><KompositaCollection><K_>Einladungsschreiben (邀请信)</K_></KompositaCollection><abgeleiteteWörter/></zusammengesetzteWörter><Synonymegruppe/><Antonymegruppe/><Kollokationen><K>eine Einladung bekommen</K><K>eine Einladung annehmen</K><K>eine Einladung ablehnen</K></Kollokationen><AllgemeineErläuterungen><Eintrag><Chinesisch>邀请</Chinesisch><BeispielSammlung><Beispiel><Satz>Ich schreibe gerade die Einladungen.</Satz><Übersetzung>我正在写一封邀请信。</Übersetzung></Beispiel></BeispielSammlung></Eintrag></AllgemeineErläuterungen></Eintrag>