<?xml version="1.0" encoding="utf-8" standalone="yes"?><?xml-stylesheet type="text/xsl" href="NounRenderTemplate.xslt"?><Eintrag category="Substantiv"><Stichwort>Eis</Stichwort><Einheit>1</Einheit><Anteil>3</Anteil><Genus>das</Genus><Pluralform>Eis</Pluralform><GenitivSingular/><zusammengesetzteWörter><KompositaCollection/><abgeleiteteWörter/></zusammengesetzteWörter><Synonymegruppe/><Antonymegruppe/><Kollokationen/><AllgemeineErläuterungen><Eintrag><Chinesisch>冰淇淋</Chinesisch><BeispielSammlung><Beispiel><Satz>Das Eis schmeckt gut</Satz><Übersetzung/></Beispiel></BeispielSammlung></Eintrag><Eintrag><Chinesisch>冰</Chinesisch><BeispielSammlung><Beispiel><Satz>Im Frühling, das Eis bricht (brechen).</Satz><Übersetzung>春天冰消雪融。</Übersetzung></Beispiel><Beispiel><Satz>Im 1972, China und USA haben das Eis gebrochen.</Satz><Übersetzung>1972年中美关系破冰。</Übersetzung></Beispiel></BeispielSammlung></Eintrag></AllgemeineErläuterungen></Eintrag>