<?xml version="1.0" encoding="utf-8" standalone="yes"?><?xml-stylesheet type="text/xsl" href="NounRenderTemplate.xslt"?><Eintrag category="Substantiv"><Stichwort>Elektrotechnik</Stichwort><Einheit>2</Einheit><Anteil>Text</Anteil><Genus>die</Genus><Pluralform>o.Pl.</Pluralform><GenitivSingular/><zusammengesetzteWörter><KompositaCollection/><abgeleiteteWörter><hierzu category="Adjektiv">elektrotechnisch</hierzu></abgeleiteteWörter></zusammengesetzteWörter><Synonymegruppe/><Antonymegruppe/><Kollokationen/><AllgemeineErläuterungen><Eintrag><Chinesisch>电子技术学</Chinesisch><BeispielSammlung><Beispiel><Satz>Ich studiere Elektrotechnik.</Satz><Übersetzung>我是学电子技术的。</Übersetzung></Beispiel></BeispielSammlung></Eintrag></AllgemeineErläuterungen></Eintrag>