<?xml version="1.0" encoding="utf-8" standalone="yes"?><?xml-stylesheet type="text/xsl" href="NounRenderTemplate.xslt"?><Eintrag category="Substantiv"><Stichwort>Eltern</Stichwort><Einheit>4</Einheit><Anteil>Einführung</Anteil><Genus>das</Genus><Pluralform>Eltern</Pluralform><GenitivSingular/><zusammengesetzteWörter><KompositaCollection/><abgeleiteteWörter/></zusammengesetzteWörter><Synonymegruppe/><Antonymegruppe/><Kollokationen><K>liebevolle Eltern</K></Kollokationen><AllgemeineErläuterungen><Eintrag><Chinesisch>父母</Chinesisch><BeispielSammlung><Beispiel><Satz>Das sind meine Eltern.</Satz><Übersetzung>这是我的父母。</Übersetzung></Beispiel></BeispielSammlung></Eintrag></AllgemeineErläuterungen></Eintrag>