<?xml version="1.0" encoding="utf-8" standalone="yes"?><?xml-stylesheet type="text/xsl" href="NounRenderTemplate.xslt"?><Eintrag category="Substantiv"><Stichwort>Enkelkind</Stichwort><Einheit>4</Einheit><Anteil>Einführung</Anteil><Genus>das</Genus><Pluralform>Enkelkinder</Pluralform><GenitivSingular/><zusammengesetzteWörter><KompositaCollection/><abgeleiteteWörter/></zusammengesetzteWörter><Synonymegruppe/><Antonymegruppe/><Kollokationen/><AllgemeineErläuterungen><Eintrag><Chinesisch>孙子</Chinesisch><BeispielSammlung><Beispiel><Satz>Alex ist Marias Enkelkind.</Satz><Übersetzung>Alex 是 Maria 的孙子。</Übersetzung></Beispiel></BeispielSammlung></Eintrag></AllgemeineErläuterungen></Eintrag>