<?xml version="1.0" encoding="utf-8" standalone="yes"?><?xml-stylesheet type="text/xsl" href="NounRenderTemplate.xslt"?><Eintrag category="Substantiv"><Stichwort>Entschuldigung</Stichwort><Einheit>2</Einheit><Anteil>Text</Anteil><Genus>die</Genus><Pluralform>Entschuldigungen</Pluralform><GenitivSingular/><zusammengesetzteWörter><KompositaCollection/><abgeleiteteWörter/></zusammengesetzteWörter><Synonymegruppe/><Antonymegruppe/><Kollokationen><K>nach einer Entschuldigung suchen</K></Kollokationen><AllgemeineErläuterungen><Eintrag><Chinesisch>原谅</Chinesisch><BeispielSammlung><Beispiel><Satz>Entschuldigung!</Satz><Übersetzung>抱歉。</Übersetzung></Beispiel></BeispielSammlung></Eintrag></AllgemeineErläuterungen></Eintrag>