<?xml version="1.0" encoding="utf-8" standalone="yes"?><?xml-stylesheet type="text/xsl" href="NounRenderTemplate.xslt"?><Eintrag category="Substantiv"><Stichwort>Anzeige</Stichwort><Einheit>6</Einheit><Anteil>Text</Anteil><Genus>die</Genus><Pluralform>Anzeigen</Pluralform><GenitivSingular/><zusammengesetzteWörter><KompositaCollection><_K>Kontaktanzeige</_K></KompositaCollection><abgeleiteteWörter/></zusammengesetzteWörter><Synonymegruppe/><Antonymegruppe/><Kollokationen><K>eine Anzeige aufgeben</K></Kollokationen><AllgemeineErläuterungen><Eintrag><Chinesisch>广告</Chinesisch><BeispielSammlung><Beispiel><Satz>Lesen Sie die Anzeigen?</Satz><Übersetzung>您读这则广告了吗？</Übersetzung></Beispiel><Beispiel><Satz>Ich habe meine Anzeige viele Antworten bekommen. </Satz><Übersetzung>我的广告得到了很多回复。</Übersetzung></Beispiel><Beispiel><Satz>Ich habe eine Anzeige in der Zeitung gelesen.</Satz><Übersetzung>我在报纸上读到一则广告。</Übersetzung></Beispiel></BeispielSammlung></Eintrag></AllgemeineErläuterungen></Eintrag>