<?xml version="1.0" encoding="utf-8" standalone="yes"?><?xml-stylesheet type="text/xsl" href="NounRenderTemplate.xslt"?><Eintrag category="Substantiv"><Stichwort>Erkältung</Stichwort><Einheit>9</Einheit><Anteil>Text</Anteil><Genus>die</Genus><Pluralform>Erkältungen</Pluralform><GenitivSingular>Erkältung</GenitivSingular><zusammengesetzteWörter><KompositaCollection/><abgeleiteteWörter/></zusammengesetzteWörter><Synonymegruppe/><Antonymegruppe/><Kollokationen><K>eine starke Erkältung haben</K><K>eine leichte Erkältung bekommen</K></Kollokationen><AllgemeineErläuterungen><Eintrag><Chinesisch>感冒</Chinesisch><BeispielSammlung><Beispiel><Satz>Die Tabletten sind gegen die Erkältung.</Satz><Übersetzung>这剂药可以抗感冒。</Übersetzung></Beispiel></BeispielSammlung></Eintrag></AllgemeineErläuterungen></Eintrag>