<?xml version="1.0" encoding="utf-8" standalone="yes"?><?xml-stylesheet type="text/xsl" href="NounRenderTemplate.xslt"?><Eintrag category="Substantiv"><Stichwort>Euro</Stichwort><Einheit>5</Einheit><Anteil>Text</Anteil><Genus>der</Genus><Pluralform>o.Pl.</Pluralform><GenitivSingular>Euros</GenitivSingular><zusammengesetzteWörter><KompositaCollection/><abgeleiteteWörter/></zusammengesetzteWörter><Synonymegruppe/><Antonymegruppe/><Kollokationen/><AllgemeineErläuterungen><Eintrag><Chinesisch>欧元</Chinesisch><BeispielSammlung><Beispiel><Satz>Hier sind 30 Euro.Stimmt so.</Satz><Übersetzung>给你30欧元，成交。</Übersetzung></Beispiel></BeispielSammlung></Eintrag></AllgemeineErläuterungen></Eintrag>