<?xml version="1.0" encoding="utf-8" standalone="yes"?><?xml-stylesheet type="text/xsl" href="NounRenderTemplate.xslt"?><Eintrag category="Substantiv"><Stichwort>Fachhochschule</Stichwort><Einheit>3</Einheit><Anteil>Leseverstehen</Anteil><Genus>die</Genus><Pluralform>Fachhochschulen</Pluralform><GenitivSingular/><zusammengesetzteWörter><KompositaCollection/><abgeleiteteWörter/></zusammengesetzteWörter><Synonymegruppe/><Antonymegruppe/><Kollokationen/><AllgemeineErläuterungen><Eintrag><Chinesisch>应用技术大学</Chinesisch><BeispielSammlung><Beispiel><Satz>Wie heißt die Fachhochschule auf Chinesisch?</Satz><Übersetzung>Fachhochschule 用中文怎么说？</Übersetzung></Beispiel></BeispielSammlung></Eintrag></AllgemeineErläuterungen></Eintrag>