<?xml version="1.0" encoding="utf-8" standalone="yes"?><?xml-stylesheet type="text/xsl" href="NounRenderTemplate.xslt"?><Eintrag category="Substantiv"><Stichwort>Fahrstuhl</Stichwort><Einheit>7</Einheit><Anteil>Übungen</Anteil><Genus>der</Genus><Pluralform>Fahrstühle</Pluralform><GenitivSingular>Fahrstuhls</GenitivSingular><zusammengesetzteWörter><KompositaCollection/><abgeleiteteWörter/></zusammengesetzteWörter><Synonymegruppe><Sym>Lift</Sym></Synonymegruppe><Antonymegruppe/><Kollokationen/><AllgemeineErläuterungen><Eintrag><Chinesisch>电梯</Chinesisch><BeispielSammlung><Beispiel><Satz>Im Mädchenwohnheim gibt es zwei Fahrstühle.</Satz><Übersetzung>在女生公寓有两台电梯。</Übersetzung></Beispiel></BeispielSammlung></Eintrag></AllgemeineErläuterungen></Eintrag>