<?xml version="1.0" encoding="utf-8" standalone="yes"?><?xml-stylesheet type="text/xsl" href="NounRenderTemplate.xslt"?><Eintrag category="Substantiv"><Stichwort>Familienname</Stichwort><Einheit>2</Einheit><Anteil>Text</Anteil><Genus>der</Genus><Pluralform>Familiennamen</Pluralform><GenitivSingular>Familiennamens</GenitivSingular><zusammengesetzteWörter><KompositaCollection/><abgeleiteteWörter/></zusammengesetzteWörter><Synonymegruppe/><Antonymegruppe/><Kollokationen/><AllgemeineErläuterungen><Eintrag><Chinesisch>姓</Chinesisch><BeispielSammlung><Beispiel><Satz>,,Wang'' ist mein Familienname.</Satz><Übersetzung>王是我的姓。</Übersetzung></Beispiel></BeispielSammlung></Eintrag></AllgemeineErläuterungen></Eintrag>