<?xml version="1.0" encoding="utf-8" standalone="yes"?><?xml-stylesheet type="text/xsl" href="NounRenderTemplate.xslt"?><Eintrag category="Substantiv"><Stichwort>Fanta</Stichwort><Einheit>5</Einheit><Anteil>Übungen</Anteil><Genus>die</Genus><Pluralform>o.Pl.</Pluralform><GenitivSingular/><zusammengesetzteWörter><KompositaCollection/><abgeleiteteWörter/></zusammengesetzteWörter><Synonymegruppe/><Antonymegruppe/><Kollokationen/><AllgemeineErläuterungen><Eintrag><Chinesisch>芬达</Chinesisch><BeispielSammlung><Beispiel><Satz/><Übersetzung/></Beispiel></BeispielSammlung></Eintrag></AllgemeineErläuterungen></Eintrag>