<?xml version="1.0" encoding="utf-8" standalone="yes"?><?xml-stylesheet type="text/xsl" href="NounRenderTemplate.xslt"?><Eintrag category="Substantiv"><Stichwort>Feier</Stichwort><Einheit>4</Einheit><Anteil>Text</Anteil><Genus>die</Genus><Pluralform>Feiern</Pluralform><GenitivSingular>Feier</GenitivSingular><zusammengesetzteWörter><KompositaCollection><_K>Weihnachtsfeier</_K><_K>Abschiedsfeier</_K><_K>Geburtstagsfeier</_K><_K>Familienfeier</_K><K_>Feiertag</K_></KompositaCollection><abgeleiteteWörter><hierzu category="Adjektiv">feierlich</hierzu><hierzu category="Verben">feiern</hierzu></abgeleiteteWörter></zusammengesetzteWörter><Synonymegruppe/><Antonymegruppe/><Kollokationen><K>eine öffentliche Feier</K><K>eine private Feier</K></Kollokationen><AllgemeineErläuterungen><Eintrag><Chinesisch>庆祝活动</Chinesisch><BeispielSammlung><Beispiel><Satz>Wir machen am Samstag eine Feier.</Satz><Übersetzung>周六我们举行庆祝活动。</Übersetzung></Beispiel></BeispielSammlung></Eintrag></AllgemeineErläuterungen></Eintrag>