<?xml version="1.0" encoding="utf-8" standalone="yes"?><?xml-stylesheet type="text/xsl" href="NounRenderTemplate.xslt"?><Eintrag category="Substantiv"><Stichwort>Fenster</Stichwort><Einheit>6</Einheit><Anteil>Text</Anteil><Genus>das</Genus><Pluralform>Fenster</Pluralform><GenitivSingular>Fensters</GenitivSingular><zusammengesetzteWörter><KompositaCollection><_K>Autofenster</_K><K_>Fensterglas</K_><_K>Kirchenfenster</_K><_K>Wohnzimmerfenster</_K><_K>Küchenfenster</_K></KompositaCollection><abgeleiteteWörter><hierzu category="Adjektiv">fensterlos</hierzu></abgeleiteteWörter></zusammengesetzteWörter><Synonymegruppe/><Antonymegruppe/><Kollokationen><K>aus dem Fenster sehen</K><K>das Fenster öffnen</K></Kollokationen><AllgemeineErläuterungen><Eintrag><Chinesisch>窗户</Chinesisch><BeispielSammlung><Beispiel><Satz>Die Fenster des Wohnzimmer gehen alle nach Süden.</Satz><Übersetzung>客厅的窗户都朝南开。</Übersetzung></Beispiel></BeispielSammlung></Eintrag><Eintrag><Chinesisch>窗口</Chinesisch><BeispielSammlung><Beispiel><Satz>Ich öffne ein Fenster des Computers.</Satz><Übersetzung>我打开了电脑的一个窗口。</Übersetzung></Beispiel></BeispielSammlung></Eintrag></AllgemeineErläuterungen></Eintrag>