<?xml version="1.0" encoding="utf-8" standalone="yes"?><?xml-stylesheet type="text/xsl" href="NounRenderTemplate.xslt"?><Eintrag category="Substantiv"><Stichwort>Ferien</Stichwort><Einheit>8</Einheit><Anteil>Einführung</Anteil><Genus>das</Genus><Pluralform>Ferien</Pluralform><GenitivSingular/><zusammengesetzteWörter><KompositaCollection><_K>Semesterferien</_K><K_>Ferienbeginn</K_><K_>Ferienende</K_><K_>Ferientag</K_><_K>Schulferien</_K><_K>Sommerferien</_K><_K>Weihnachtsferien</_K></KompositaCollection><abgeleiteteWörter/></zusammengesetzteWörter><Synonymegruppe><Sym>Urlaub</Sym></Synonymegruppe><Antonymegruppe/><Kollokationen><K>Ferien haben</K><K>Ferien machen</K><K>in den Ferien sein</K></Kollokationen><AllgemeineErläuterungen><Eintrag><Chinesisch>假期</Chinesisch><BeispielSammlung><Beispiel><Satz>Die Ferien kommen bald.</Satz><Übersetzung/></Beispiel></BeispielSammlung></Eintrag></AllgemeineErläuterungen></Eintrag>