<?xml version="1.0" encoding="utf-8" standalone="yes"?><?xml-stylesheet type="text/xsl" href="NounRenderTemplate.xslt"?><Eintrag category="Substantiv"><Stichwort>Fernmeldeamt</Stichwort><Einheit>10</Einheit><Anteil>Einführung</Anteil><Genus>das</Genus><Pluralform>Fernmeldeämter</Pluralform><GenitivSingular>Fernmeldeamts</GenitivSingular><zusammengesetzteWörter><KompositaCollection/><abgeleiteteWörter/></zusammengesetzteWörter><Synonymegruppe/><Antonymegruppe/><Kollokationen/><AllgemeineErläuterungen><Eintrag><Chinesisch>电信局</Chinesisch><BeispielSammlung><Beispiel><Satz>Neben dem Fernmeldeamt liegt die Hauptpost.</Satz><Übersetzung>在电信局旁边就是邮政总局。</Übersetzung></Beispiel></BeispielSammlung></Eintrag></AllgemeineErläuterungen></Eintrag>