<?xml version="1.0" encoding="utf-8" standalone="yes"?><?xml-stylesheet type="text/xsl" href="NounRenderTemplate.xslt"?><Eintrag category="Substantiv"><Stichwort>Fieber</Stichwort><Einheit>9</Einheit><Anteil>Text</Anteil><Genus>das</Genus><Pluralform>Fieber</Pluralform><GenitivSingular/><zusammengesetzteWörter><KompositaCollection/><abgeleiteteWörter/></zusammengesetzteWörter><Synonymegruppe/><Antonymegruppe/><Kollokationen><K>Fieber bekommen</K><K>Fieber haben</K><K>mit Fieber im Bett liegen</K></Kollokationen><AllgemeineErläuterungen><Eintrag><Chinesisch>发烧</Chinesisch><BeispielSammlung><Beispiel><Satz>Sie haben Fieber.</Satz><Übersetzung>您发烧了。</Übersetzung></Beispiel></BeispielSammlung></Eintrag><Eintrag><Chinesisch>狂热</Chinesisch><BeispielSammlung><Beispiel><Satz>Er hat Spielfieber nach Computerspiel.</Satz><Übersetzung>他热衷于打电脑游戏。</Übersetzung></Beispiel></BeispielSammlung></Eintrag></AllgemeineErläuterungen></Eintrag>