<?xml version="1.0" encoding="utf-8" standalone="yes"?><?xml-stylesheet type="text/xsl" href="NounRenderTemplate.xslt"?><Eintrag category="Substantiv"><Stichwort>Firma</Stichwort><Einheit>6</Einheit><Anteil>Text</Anteil><Genus>die</Genus><Pluralform>Firmen</Pluralform><GenitivSingular>Firma</GenitivSingular><zusammengesetzteWörter><KompositaCollection><_K>Baufirma</_K><K_>Firmenchef</K_></KompositaCollection><abgeleiteteWörter/></zusammengesetzteWörter><Synonymegruppe/><Antonymegruppe/><Kollokationen/><AllgemeineErläuterungen><Eintrag><Chinesisch>公司</Chinesisch><BeispielSammlung><Beispiel><Satz>Ich arbeite bei Firma Borsch.</Satz><Übersetzung>我在公司工作。</Übersetzung></Beispiel></BeispielSammlung></Eintrag></AllgemeineErläuterungen></Eintrag>