<?xml version="1.0" encoding="utf-8" standalone="yes"?><?xml-stylesheet type="text/xsl" href="NounRenderTemplate.xslt"?><Eintrag category="Substantiv"><Stichwort>Flasche</Stichwort><Einheit>5</Einheit><Anteil>Übungen</Anteil><Genus>die</Genus><Pluralform>Flaschen</Pluralform><GenitivSingular>Flasche</GenitivSingular><zusammengesetzteWörter><KompositaCollection><_K>Bierflasche</_K></KompositaCollection><abgeleiteteWörter/></zusammengesetzteWörter><Synonymegruppe/><Antonymegruppe/><Kollokationen><K>eine Flasche Bier</K></Kollokationen><AllgemeineErläuterungen><Eintrag><Chinesisch>瓶</Chinesisch><BeispielSammlung><Beispiel><Satz>Möchten Sie eine oder zwei Flaschen Wein?</Satz><Übersetzung>您要一瓶酒还是两瓶？</Übersetzung></Beispiel></BeispielSammlung></Eintrag></AllgemeineErläuterungen></Eintrag>