<?xml version="1.0" encoding="UTF-8"?><?xml-stylesheet type="text/xsl" href="navigation.xslt"?><Wordlist><Word address="1.xml">Abend</Word><Word address="2.xml">Abschlussarbeit</Word><Word address="3.xml">Abteilung</Word><Word address="4.xml">Adresse</Word><Word address="5.xml">Alexanderplatz</Word><Word address="6.xml">Alkohol</Word><Word address="7.xml">Ampel</Word><Word address="8.xml">Anzeige</Word><Word address="9.xml">Apfel</Word><Word address="10.xml">Apotheke</Word><Word address="11.xml">Appetit</Word><Word address="12.xml">Arm</Word><Word address="13.xml">Arzt</Word><Word address="14.xml">Atmosphäre</Word><Word address="15.xml">Ausflug</Word><Word address="16.xml">Auskunft</Word><Word address="17.xml">Ausland</Word><Word address="18.xml">Ausländer</Word><Word address="19.xml">Ausländerin</Word><Word address="20.xml">Auto</Word><Word address="21.xml">Bad</Word><Word address="22.xml">Bahnhof</Word><Word address="23.xml">Balkon</Word><Word address="24.xml">Bank</Word><Word address="25.xml">Bär</Word><Word address="26.xml">Bauch</Word><Word address="27.xml">Baum</Word><Word address="28.xml">Begrüßung</Word><Word address="29.xml">Bein</Word><Word address="30.xml">Benzin</Word><Word address="31.xml">Bericht</Word><Word address="32.xml">Berlin</Word><Word address="33.xml">Beruf</Word><Word address="34.xml">Berufsleben</Word><Word address="35.xml">Beschwerde</Word><Word address="36.xml">Besserung</Word><Word address="37.xml">Bett</Word><Word address="38.xml">Bibliothek</Word><Word address="39.xml">Bier</Word><Word address="40.xml">Blume</Word><Word address="41.xml">Boot</Word><Word address="42.xml">Bratkartoffeln</Word><Word address="43.xml">Brief</Word><Word address="44.xml">Brot</Word><Word address="45.xml">Brötchen</Word><Word address="46.xml">Brücke</Word><Word address="47.xml">Bruder</Word><Word address="48.xml">Buch</Word><Word address="49.xml">Bummel</Word><Word address="50.xml">Bus</Word><Word address="51.xml">Cafeteria</Word><Word address="52.xml">Campingplatz</Word><Word address="53.xml">Cappuccino</Word><Word address="54.xml">Cent</Word><Word address="55.xml">Chemie</Word><Word address="56.xml">China</Word><Word address="57.xml">Chinesisch</Word><Word address="58.xml">Couch</Word><Word address="59.xml">Cyberdoktor</Word><Word address="60.xml">Dame</Word><Word address="61.xml">Deutsch</Word><Word address="62.xml">Deutschland</Word><Word address="63.xml">Dienstag</Word><Word address="64.xml">Doktor</Word><Word address="65.xml">Donnerstag</Word><Word address="66.xml">Dorf</Word><Word address="67.xml">Dusche</Word><Word address="68.xml">Ecke</Word><Word address="69.xml">Ei</Word><Word address="70.xml">Einfamilienhaus</Word><Word address="71.xml">Einladung</Word><Word address="72.xml">Eis</Word><Word address="73.xml">Elektrotechnik</Word><Word address="74.xml">Eltern</Word><Word address="75.xml">England</Word><Word address="76.xml">Englisch</Word><Word address="77.xml">Enkelkind</Word><Word address="78.xml">Entschuldigung</Word><Word address="79.xml">Erfolg</Word><Word address="80.xml">Erkältung</Word><Word address="81.xml">Etage</Word><Word address="82.xml">Euro</Word><Word address="83.xml">Fachhochschule</Word><Word address="84.xml">Fahne</Word><Word address="85.xml">Fahrrad</Word><Word address="86.xml">Fahrstuhl</Word><Word address="87.xml">Fahrt</Word><Word address="88.xml">Familie</Word><Word address="89.xml">Familienname</Word><Word address="90.xml">Fanta</Word><Word address="91.xml">Farbe</Word><Word address="92.xml">Feier</Word><Word address="93.xml">Feldberg</Word><Word address="94.xml">Fenster</Word><Word address="95.xml">Ferien</Word><Word address="96.xml">Fernmeldeamt</Word><Word address="97.xml">Fieber</Word><Word address="98.xml">Firma</Word><Word address="99.xml">Flasche</Word><Word address="100.xml">Fleisch</Word><Word address="101.xml">Flur</Word><Word address="102.xml">Fluss</Word><Word address="103.xml">Form</Word><Word address="104.xml">Frage</Word><Word address="105.xml">Frau</Word><Word address="106.xml">Freiburg</Word><Word address="107.xml">Freitag</Word><Word address="108.xml">Freizeit</Word><Word address="109.xml">Freude</Word><Word address="110.xml">Freund</Word><Word address="111.xml">Freundin</Word><Word address="112.xml">Frühstück</Word><Word address="113.xml">Führerschein</Word><Word address="114.xml">Fuß</Word><Word address="115.xml">Fußball</Word><Word address="116.xml">Garten</Word><Word address="117.xml">Gas</Word><Word address="118.xml">Gastgeber</Word><Word address="119.xml">Gastgeberin</Word><Word address="120.xml">Geburtstag</Word><Word address="121.xml">Gedächtniskirche</Word><Word address="122.xml">Gefährte</Word><Word address="123.xml">Gefährtin</Word><Word address="124.xml">Gelegenheit</Word><Word address="125.xml">Gemeinschaftspraxis</Word><Word address="126.xml">Generation</Word><Word address="127.xml">Gerät</Word><Word address="128.xml">Geschenk</Word><Word address="129.xml">Geschirrspülmaschine</Word><Word address="130.xml">Geschwister</Word><Word address="131.xml">Gesundheit</Word><Word address="132.xml">Getränk</Word><Word address="133.xml">Glückwunsch</Word><Word address="134.xml">Glühwein</Word><Word address="135.xml">Grad</Word><Word address="136.xml">Grippe</Word><Word address="137.xml">Großeltern</Word><Word address="138.xml">Gruß</Word><Word address="139.xml">Kirche</Word><Word address="140.xml">Kreuzung</Word><Word address="141.xml">Orientierung</Word><Word address="142.xml">Rathaus</Word><Word address="143.xml">Sache</Word><Word address="144.xml">Saft</Word><Word address="145.xml">Salat</Word><Word address="146.xml">Samstag</Word><Word address="147.xml">Satz</Word><Word address="148.xml">S-Bahn</Word><Word address="149.xml">Schatz</Word><Word address="150.xml">Schlaflosigkeit</Word><Word address="151.xml">Schlafzimmer</Word><Word address="152.xml">Schlüssel</Word><Word address="153.xml">Stadt</Word><Word address="154.xml">Station</Word><Word address="155.xml">Straße</Word><Word address="156.xml">U-Bahn</Word><Word address="157.xml">Übergabe</Word><Word address="158.xml">Übung</Word><Word address="159.xml">Ufer</Word><Word address="160.xml">Uhr</Word><Word address="161.xml">Umzug</Word><Word address="162.xml">Universität</Word><Word address="163.xml">Unterricht</Word><Word address="164.xml">Urlaub</Word><Word address="165.xml">Vase</Word><Word address="166.xml">Vater</Word><Word address="167.xml">Verabredung</Word><Word address="168.xml">Vergnügen</Word><Word address="169.xml">Vermieter</Word><Word address="170.xml">Versichertenkarte</Word><Word address="171.xml">Verwandte</Word><Word address="172.xml">Verzeihung</Word><Word address="173.xml">Viertel</Word><Word address="174.xml">Vorlesung</Word><Word address="175.xml">Vormittag</Word><Word address="176.xml">Vorname</Word><Word address="177.xml">Vorschlag</Word><Word address="178.xml">Vorspeise</Word><Word address="179.xml">Wagge</Word><Word address="180.xml">Wand</Word><Word address="181.xml">Wartezimmer</Word><Word address="182.xml">Wasser</Word><Word address="183.xml">Wecker</Word><Word address="184.xml">Weihnachten</Word><Word address="185.xml">Wein</Word><Word address="186.xml">Welle</Word><Word address="187.xml">Welt</Word><Word address="188.xml">Weltmeisterschaft</Word><Word address="189.xml">Westen</Word><Word address="190.xml">Wiedersehen</Word><Word address="191.xml">Wiese</Word><Word address="192.xml">Wirtschaftswissenschaft</Word><Word address="193.xml">Wochenende</Word><Word address="194.xml">Wohngemeinschaft</Word><Word address="195.xml">Wohnhaus</Word><Word address="196.xml">Wohnung</Word><Word address="197.xml">Wohnzimmer</Word><Word address="198.xml">Wörterbuch</Word><Word address="199.xml">Wurst</Word><Word address="200.xml">Zahl</Word><Word address="201.xml">Zahn</Word><Word address="202.xml">Zeichnen</Word><Word address="203.xml">Zeit</Word><Word address="204.xml">Zeitschrift</Word><Word address="205.xml">Zeitung</Word><Word address="206.xml">Zelt</Word><Word address="207.xml">Zentrum</Word><Word address="208.xml">Zimmer</Word><Word address="209.xml">Zitrone</Word><Word address="210.xml">Zug</Word><Word address="211.xml">Zwiebel</Word></Wordlist>